benchmark,nsets,bsize,assoc,IPC,ICAcess,ICmissRate,ICmisses,IChit,DCAcess,DCmissRate,DCmisses,DChit,ctrlmem0energy,ctrlmem1Energy
gobmk,16,1,32,0.388968,1322497.0,0.001256,1661.0,1320836.0,3201650.0,0.651964,2087359.0,1114291.0,13184121585.0,13439612970.0
gobmk,32,2,16,0.396031,1323998.0,0.000769,1018.0,1322980.0,3196227.0,0.654078,2090582.0,1105645.0,10258220760.0,10429355580.0
gobmk,64,4,32,0.541566,1323880.0,0.000458,606.0,1323274.0,3192236.0,0.479784,1531583.0,1660653.0,7845032460.0,7907088720.0
gobmk,64,1,16,0.534983,1324254.0,0.000554,733.0,1323521.0,3192303.0,0.481596,1537401.0,1654902.0,7535266410.0,7938276885.0
gobmk,32,1,32,0.396887,1323081.0,0.000772,1022.0,1322059.0,3196186.0,0.652155,2084410.0,1111776.0,10843375395.0,11119959930.0
gobmk,16,2,16,0.388494,1323564.0,0.001225,1622.0,1321942.0,3201686.0,0.65338,2091916.0,1109770.0,12584394765.0,12723083775.0
gobmk,64,2,32,0.548555,1323381.0,0.000462,612.0,1322769.0,3192227.0,0.479081,1529334.0,1662893.0,7663823550.0,7736802195.0
gobmk,64,2,16,0.535333,1324067.0,0.000482,638.0,1323429.0,3192297.0,0.479976,1532225.0,1660072.0,7544999970.0,7628004270.0
gobmk,32,1,8,0.39403,1324797.0,0.000891,1180.0,1323617.0,3196287.0,0.656006,2096785.0,1099502.0,10099137120.0,11117987820.0
gobmk,32,1,16,0.39126,1324271.0,0.000853,1129.0,1323142.0,3196260.0,0.654766,2092803.0,1103457.0,10505024190.0,10965268560.0
gobmk,32,4,32,0.392944,1323910.0,0.000739,978.0,1322932.0,3196162.0,0.65381,2089682.0,1106480.0,10967141310.0,11084379810.0
gobmk,16,2,32,0.391394,1322971.0,0.001218,1612.0,1321359.0,3201713.0,0.652502,2089124.0,1112589.0,13183410045.0,13295566065.0
gobmk,64,1,32,0.540741,1322757.0,0.000491,650.0,1322107.0,3192288.0,0.478843,1528604.0,1663684.0,7803389985.0,8001369450.0
gobmk,16,1,16,0.386407,1323664.0,0.001308,1731.0,1321933.0,3201687.0,0.654061,2094099.0,1107588.0,12600858315.0,13068356700.0
gobmk,16,4,32,0.387348,1323320.0,0.001213,1605.0,1321715.0,3201660.0,0.653129,2091097.0,1110563.0,13211513790.0,13360870245.0
gobmk,32,2,32,0.396891,1323460.0,0.000752,995.0,1322465.0,3196221.0,0.653079,2087385.0,1108836.0,10876011630.0,10972315950.0
gobmk,64,1,8,0.534939,1324828.0,0.000609,807.0,1324021.0,3192292.0,0.483622,1543863.0,1648429.0,7278962100.0,7781761740.0
gobmk,16,1,8,0.383969,1324581.0,0.001357,1797.0,1322784.0,3201763.0,0.655276,2098040.0,1103723.0,12361795980.0,12949502775.0
astar,16,1,32,1.248006,2705332.0,0.000668,1806.0,2703526.0,3599465.0,0.000267,961.0,3598504.0,1238696985.0,1244871030.0
astar,32,2,16,0.835208,2678176.0,0.027415,73423.0,2604753.0,3616692.0,0.000215,778.0,3615914.0,4077075720.0,4185686340.0
astar,64,4,32,1.259597,2706506.0,0.000244,661.0,2705845.0,3510478.0,0.000145,509.0,3509969.0,1210078695.0,1211592240.0
astar,64,1,16,1.09233,2678439.0,0.018999,50888.0,2627551.0,3538833.0,0.00017,603.0,3538230.0,1396209795.0,1399249875.0
astar,32,1,32,1.259788,2705889.0,0.000428,1158.0,2704731.0,3536180.0,0.000228,807.0,3535373.0,1216275615.0,1220017500.0
astar,16,2,16,0.749903,2677487.0,0.027667,74078.0,2603409.0,3650060.0,0.000259,947.0,3649113.0,4605853035.0,4736540790.0
astar,64,2,32,1.25954,2706480.0,0.000248,671.0,2705809.0,3510473.0,0.000144,506.0,3509967.0,1210458825.0,1211839995.0
astar,64,2,16,1.000613,2678635.0,0.027262,73026.0,2605609.0,3583326.0,0.000144,516.0,3582810.0,1521655335.0,1521615615.0
astar,32,1,8,0.555718,2610993.0,0.079338,207150.0,2403843.0,3577734.0,0.015815,56583.0,3521151.0,6245891670.0,6243414990.0
astar,32,1,16,1.105166,2677995.0,0.019159,51309.0,2626686.0,3572176.0,0.000232,830.0,3571346.0,1386311640.0,1390863705.0
astar,32,4,32,1.260926,2706028.0,0.000387,1046.0,2704982.0,3536179.0,0.000217,768.0,3535411.0,1214418810.0,1217406780.0
astar,16,2,32,1.246906,2705394.0,0.000628,1698.0,2703696.0,3603482.0,0.000261,941.0,3602541.0,1236840825.0,1242422055.0
astar,64,1,32,1.262376,2706309.0,0.000283,766.0,2705543.0,3504621.0,0.000158,553.0,3504068.0,1207951875.0,1210288560.0
astar,16,1,16,1.104689,2677383.0,0.019422,51999.0,2625384.0,3627812.0,0.000273,990.0,3626822.0,1398389880.0,1404992730.0
astar,16,4,32,1.247162,2705450.0,0.000622,1684.0,2703766.0,3603496.0,0.000261,941.0,3602555.0,1235991000.0,1241802810.0
astar,32,2,32,1.260771,2705986.0,0.000392,1061.0,2704925.0,3536173.0,0.000217,768.0,3535405.0,1214769360.0,1218028410.0
astar,64,1,8,0.711281,2655892.0,0.052709,139990.0,2515902.0,3499818.0,0.044703,156454.0,3343364.0,2135330070.0,2139502935.0
astar,16,1,8,0.465439,2604747.0,0.088345,230116.0,2374631.0,3633358.0,0.015605,56697.0,3576661.0,7381161090.0,7817689515.0
a2time01,16,1,32,1.771631,3376320.0,0.000561,1893.0,3374427.0,1834599.0,0.001037,1903.0,1832696.0,916241955.0,893572125.0
a2time01,32,2,16,1.786468,3377094.0,0.000326,1101.0,3375993.0,1834593.0,0.000929,1704.0,1832889.0,886396815.0,874729380.0
a2time01,64,4,32,1.796898,3376897.0,0.000197,665.0,3376232.0,1771451.0,0.000536,949.0,1770502.0,865296240.0,859224030.0
a2time01,64,1,16,1.785025,3377912.0,0.000272,919.0,3376993.0,1771518.0,0.00171,3029.0,1768489.0,881130345.0,876227865.0
a2time01,32,1,32,1.785778,3376960.0,0.000363,1225.0,3375735.0,1834625.0,0.000924,1695.0,1832930.0,888581790.0,875155320.0
a2time01,16,2,16,1.772569,3376487.0,0.000527,1779.0,3374708.0,1834578.0,0.001039,1906.0,1832672.0,911125980.0,891232755.0
a2time01,64,2,32,1.796554,3376873.0,0.0002,674.0,3376199.0,1771451.0,0.000542,960.0,1770491.0,865876155.0,859591695.0
a2time01,64,2,16,1.795659,3376742.0,0.000216,731.0,3376011.0,1771434.0,0.000543,962.0,1770472.0,867001245.0,863360130.0
a2time01,32,1,8,1.613176,3385542.0,0.000444,1504.0,3384038.0,1834861.0,0.008703,15969.0,1818892.0,2095145115.0,2086540500.0
a2time01,32,1,16,1.741954,3377956.0,0.000388,1312.0,3376644.0,1834588.0,0.002743,5033.0,1829555.0,1133731875.0,1121530305.0
a2time01,32,4,32,1.78779,3377212.0,0.000312,1053.0,3376159.0,1834610.0,0.000922,1691.0,1832919.0,876722790.0,872557500.0
a2time01,16,2,32,1.773055,3376595.0,0.000512,1730.0,3374865.0,1834595.0,0.001039,1906.0,1832689.0,909741915.0,895361295.0
a2time01,64,1,32,1.795024,3376723.0,0.00025,845.0,3375878.0,1771463.0,0.000552,977.0,1770486.0,871272435.0,863637255.0
a2time01,16,1,16,1.728997,3376408.0,0.000588,1987.0,3374421.0,1834598.0,0.002133,3914.0,1830684.0,1159220895.0,1140468570.0
a2time01,16,4,32,1.773362,3376610.0,0.00051,1721.0,3374889.0,1834593.0,0.001033,1895.0,1832698.0,910683585.0,889121790.0
a2time01,32,2,32,1.787349,3377179.0,0.000316,1067.0,3376112.0,1834607.0,0.000927,1701.0,1832906.0,875988675.0,873465525.0
a2time01,64,1,8,1.73861,3387379.0,0.000322,1090.0,3386289.0,1772847.0,0.012011,21293.0,1751554.0,910181325.0,909229125.0
a2time01,16,1,8,1.599207,3382930.0,0.000662,2238.0,3380692.0,1833646.0,0.007741,14195.0,1819451.0,2121346620.0,2115211965.0
soplex,16,1,32,0.684302,3495874.0,0.021902,76566.0,3419308.0,2855587.0,0.060439,172588.0,2682999.0,5714330595.0,5551650300.0
soplex,32,2,16,0.820244,3499719.0,0.016406,57416.0,3442303.0,2841447.0,0.054749,155567.0,2685880.0,4624224795.0,4462470000.0
soplex,64,4,32,1.19929,3566883.0,0.000581,2072.0,3564811.0,2824158.0,0.035345,99820.0,2724338.0,2928460155.0,2929348620.0
soplex,64,1,16,0.791523,3498340.0,0.021787,76219.0,3422121.0,2835704.0,0.055348,156950.0,2678754.0,4721508645.0,4698992700.0
soplex,32,1,32,0.885337,3499310.0,0.015132,52953.0,3446357.0,2838865.0,0.05522,156761.0,2682104.0,4257866100.0,4206929760.0
soplex,16,2,16,0.653227,3500974.0,0.020976,73437.0,3427537.0,2854220.0,0.06533,186467.0,2667753.0,5925387360.0,5692115160.0
soplex,64,2,32,1.17241,3563964.0,0.001199,4273.0,3559691.0,2823775.0,0.040201,113518.0,2710257.0,2998888455.0,3005738925.0
soplex,64,2,16,0.966377,3499805.0,0.012956,45342.0,3454463.0,2831511.0,0.044902,127140.0,2704371.0,3748114020.0,3708023805.0
soplex,32,1,8,0.344155,3433185.0,0.07034,241490.0,3191695.0,2844023.0,0.074158,210906.0,2633117.0,12091219620.0,10699913925.0
soplex,32,1,16,0.652396,3492879.0,0.027741,96895.0,3395984.0,2844975.0,0.064134,182459.0,2662516.0,5932256820.0,5792552310.0
soplex,32,4,32,1.120017,3566893.0,0.000892,3181.0,3563712.0,2832579.0,0.044074,124843.0,2707736.0,3258106860.0,3254252265.0
soplex,16,2,32,0.944684,3565241.0,0.002147,7656.0,3557585.0,2848963.0,0.057381,163477.0,2685486.0,4021215045.0,3988379910.0
soplex,64,1,32,1.008023,3501758.0,0.012154,42561.0,3459197.0,2826318.0,0.046529,131506.0,2694812.0,3567342525.0,3590692245.0
soplex,16,1,16,0.493868,3489587.0,0.037358,130365.0,3359222.0,2859031.0,0.071883,205516.0,2653515.0,7965978675.0,7704361215.0
soplex,16,4,32,0.959079,3568048.0,0.001425,5084.0,3562964.0,2849052.0,0.054165,154320.0,2694732.0,3961467585.0,3946118535.0
soplex,32,2,32,1.090326,3565034.0,0.001539,5486.0,3559548.0,2833841.0,0.049568,140468.0,2693373.0,3374421930.0,3358184010.0
soplex,64,1,8,0.451587,3458873.0,0.052567,181822.0,3277051.0,2837106.0,0.071396,202557.0,2634549.0,9283595235.0,8355625155.0
soplex,16,1,8,0.251543,3421658.0,0.098914,338449.0,3083209.0,2858691.0,0.082622,236191.0,2622500.0,16531453620.0,14612204910.0
milc,16,1,32,1.153544,3062248.0,0.000636,1948.0,3060300.0,2662375.0,0.167252,445288.0,2217087.0,3861409335.0,3865575105.0
milc,32,2,16,1.211979,3064255.0,0.000403,1234.0,3063021.0,2498873.0,0.162007,404835.0,2094038.0,3370274115.0,3370229430.0
milc,64,4,32,1.215286,3063291.0,0.000191,586.0,3062705.0,2502104.0,0.132313,331060.0,2171044.0,3311111850.0,3310425855.0
milc,64,1,16,1.209468,3062791.0,0.000339,1039.0,3061752.0,2502049.0,0.133515,334061.0,2167988.0,3291640755.0,3305147160.0
milc,32,1,32,1.21557,3064224.0,0.000405,1240.0,3062984.0,2498796.0,0.162774,406740.0,2092056.0,3357739080.0,3363951780.0
milc,16,2,16,1.16126,3062250.0,0.000612,1875.0,3060375.0,2665010.0,0.166256,443075.0,2221935.0,3784704300.0,3784672635.0
milc,64,2,32,1.217043,3063252.0,0.000204,624.0,3062628.0,2502097.0,0.132304,331037.0,2171060.0,3271555530.0,3271176870.0
milc,64,2,16,1.215757,3062944.0,0.00028,857.0,3062087.0,2502085.0,0.132327,331093.0,2170992.0,3288094875.0,3287468955.0
milc,32,1,8,0.931435,3062209.0,0.019879,60875.0,3001334.0,2556547.0,0.161367,412542.0,2144005.0,4300668345.0,4230983295.0
milc,32,1,16,1.203494,3064026.0,0.000469,1438.0,3062588.0,2498729.0,0.163518,408588.0,2090141.0,3361960050.0,3370908300.0
milc,32,4,32,1.219305,3064599.0,0.000305,935.0,3063664.0,2498902.0,0.161999,404819.0,2094083.0,3364438665.0,3364977135.0
milc,16,2,32,1.160283,3062545.0,0.000497,1523.0,3061022.0,2663206.0,0.166508,443444.0,2219762.0,3838395300.0,3838500045.0
milc,64,1,32,1.21478,3063018.0,0.000281,860.0,3062158.0,2502084.0,0.132905,332540.0,2169544.0,3274476795.0,3284134095.0
milc,16,1,16,1.155402,3062086.0,0.000701,2147.0,3059939.0,2662765.0,0.168112,447644.0,2215121.0,3752626020.0,3759904080.0
milc,16,4,32,1.160025,3062555.0,0.00049,1500.0,3061055.0,2663239.0,0.166147,442490.0,2220749.0,3897964230.0,3897616755.0
milc,32,2,32,1.221123,3064551.0,0.000315,966.0,3063585.0,2498865.0,0.162006,404831.0,2094034.0,3350142750.0,3349792110.0
milc,64,1,8,0.93303,3062568.0,0.0197,60333.0,3002235.0,2557841.0,0.131795,337110.0,2220731.0,4168264350.0,4122511500.0
milc,16,1,8,0.883009,3061577.0,0.020242,61972.0,2999605.0,2703266.0,0.166891,451152.0,2252114.0,4832685555.0,4735674660.0
lbm,16,1,32,0.086862,2825.0,0.347257,981.0,1844.0,2734.0,0.264813,724.0,2010.0,30432675.0,27472065.0
lbm,32,2,16,0.131921,3181.0,0.18862,600.0,2581.0,2754.0,0.217139,598.0,2156.0,19584525.0,17785590.0
lbm,64,4,32,0.177551,3462.0,0.11294,391.0,3071.0,2709.0,0.149871,406.0,2303.0,13857420.0,12770235.0
lbm,64,1,16,0.159687,3397.0,0.129526,440.0,2957.0,2719.0,0.154469,420.0,2299.0,16338450.0,15282600.0
lbm,32,1,32,0.129094,3169.0,0.194699,617.0,2552.0,2748.0,0.216885,596.0,2152.0,19930965.0,18268785.0
lbm,16,2,16,0.088455,2841.0,0.337205,958.0,1883.0,2741.0,0.264137,724.0,2017.0,29963910.0,26805375.0
lbm,64,2,32,0.177592,3464.0,0.112587,390.0,3074.0,2709.0,0.149871,406.0,2303.0,13855140.0,12767955.0
lbm,64,2,16,0.170575,3443.0,0.118501,408.0,3035.0,2714.0,0.151437,411.0,2303.0,14551170.0,13756065.0
lbm,32,1,8,0.114895,3136.0,0.21588,677.0,2459.0,2760.0,0.232609,642.0,2118.0,23642535.0,21526815.0
lbm,32,1,16,0.125653,3147.0,0.202415,637.0,2510.0,2752.0,0.219477,604.0,2148.0,20730045.0,18901860.0
lbm,32,4,32,0.134181,3194.0,0.185974,594.0,2600.0,2756.0,0.216255,596.0,2160.0,19226325.0,17207880.0
lbm,16,2,32,0.089591,2838.0,0.336152,954.0,1884.0,2737.0,0.264523,724.0,2013.0,29609460.0,26187450.0
lbm,64,1,32,0.169406,3449.0,0.121774,420.0,3029.0,2709.0,0.151347,410.0,2299.0,14627820.0,13594995.0
lbm,16,1,16,0.085395,2831.0,0.34864,987.0,1844.0,2742.0,0.266229,730.0,2012.0,31206510.0,28022610.0
lbm,16,4,32,0.089684,2840.0,0.335563,953.0,1887.0,2739.0,0.26433,724.0,2015.0,29588400.0,26163030.0
lbm,32,2,32,0.134112,3194.0,0.185974,594.0,2600.0,2756.0,0.216255,596.0,2160.0,19233165.0,17214720.0
lbm,64,1,8,0.147704,3397.0,0.136885,465.0,2932.0,2722.0,0.169361,461.0,2261.0,18195135.0,16592175.0
lbm,16,1,8,0.079041,2790.0,0.369534,1031.0,1759.0,2740.0,0.274453,752.0,1988.0,34399590.0,31069425.0
hmmer,16,1,32,0.846566,3928118.0,0.00374,14690.0,3913428.0,3478312.0,0.010921,37988.0,3440324.0,4097774520.0,4072561050.0
hmmer,32,2,16,0.853951,3942861.0,0.002246,8855.0,3934006.0,3466827.0,0.010878,37712.0,3429115.0,3997977690.0,4086570690.0
hmmer,64,4,32,0.965834,3940791.0,0.000305,1200.0,3939591.0,3448411.0,0.002943,10148.0,3438263.0,3393733635.0,2807388765.0
hmmer,64,1,16,0.704538,3924102.0,0.008501,33358.0,3890744.0,3454003.0,0.024798,85653.0,3368350.0,5037613470.0,5059302465.0
hmmer,32,1,32,0.882319,3929239.0,0.00264,10374.0,3918865.0,3453037.0,0.009664,33370.0,3419667.0,3852208545.0,3854108520.0
hmmer,16,2,16,0.834731,3943508.0,0.002787,10990.0,3932518.0,3489350.0,0.012429,43368.0,3445982.0,4152108360.0,4224876390.0
hmmer,64,2,32,0.944326,3933880.0,0.001448,5697.0,3928183.0,3449172.0,0.003787,13063.0,3436109.0,3484920975.0,3289156845.0
hmmer,64,2,16,0.879767,3936222.0,0.002203,8670.0,3927552.0,3449742.0,0.008531,29431.0,3420311.0,3848212410.0,3944868375.0
hmmer,32,1,8,0.488294,3799213.0,0.026741,101595.0,3697618.0,3433240.0,0.040051,137503.0,3295737.0,7315918785.0,7959670170.0
hmmer,32,1,16,0.677121,4006021.0,0.007181,28766.0,3977255.0,3475287.0,0.023683,82304.0,3392983.0,5255089215.0,5299330365.0
hmmer,32,4,32,0.946887,3941910.0,0.000509,2008.0,3939902.0,3466302.0,0.00581,20138.0,3446164.0,3526085190.0,3263782935.0
hmmer,16,2,32,0.881651,3934284.0,0.002673,10517.0,3923767.0,3488478.0,0.008104,28271.0,3460207.0,3906918810.0,3830073660.0
hmmer,64,1,32,0.908051,3844702.0,0.005048,19409.0,3825293.0,3435233.0,0.00977,33563.0,3401670.0,3670562955.0,3692513805.0
hmmer,16,1,16,0.700153,3911920.0,0.01021,39941.0,3871979.0,3479477.0,0.016097,56010.0,3423467.0,5050961520.0,5254413375.0
hmmer,16,4,32,0.923712,3940412.0,0.00083,3271.0,3937141.0,3488811.0,0.007785,27159.0,3461652.0,3704257770.0,3546904605.0
hmmer,32,2,32,0.913181,3937050.0,0.001864,7338.0,3929712.0,3466402.0,0.006329,21940.0,3444462.0,3693768195.0,3628799955.0
hmmer,64,1,8,0.543422,3902229.0,0.028972,113056.0,3789173.0,3467420.0,0.04456,154507.0,3312913.0,6601264575.0,7020744255.0
hmmer,16,1,8,0.428322,3784633.0,0.039219,148429.0,3636204.0,3472088.0,0.027536,95607.0,3376481.0,8217536385.0,9199627110.0
libquantum,16,1,32,0.781718,3334846.0,0.000332,1108.0,3333738.0,3334091.0,0.500072,1667286.0,1666805.0,5841838050.0,5908203795.0
libquantum,32,2,16,0.454435,3335235.0,0.000208,694.0,3334541.0,3334055.0,0.49967,1665927.0,1668128.0,7231930395.0,7204023240.0
libquantum,64,4,32,0.739336,3335572.0,0.00013,433.0,3335139.0,3334026.0,0.249866,833059.0,2500967.0,4824784110.0,4811616825.0
libquantum,64,1,16,0.732627,3335584.0,0.000153,509.0,3335075.0,3334088.0,0.251872,839763.0,2494325.0,4537460325.0,5192416500.0
libquantum,32,1,32,0.451329,3335261.0,0.000213,710.0,3334551.0,3334068.0,0.500042,1667173.0,1666895.0,7803128325.0,7983658140.0
libquantum,16,2,16,0.778869,3334830.0,0.000331,1104.0,3333726.0,3334086.0,0.499705,1666061.0,1668025.0,5529070155.0,5506099350.0
libquantum,64,2,32,0.734539,3335540.0,0.000134,446.0,3335094.0,3334024.0,0.249866,833060.0,2500964.0,4855000695.0,4840445310.0
libquantum,64,2,16,0.736903,3335516.0,0.000142,472.0,3335044.0,3334035.0,0.249871,833077.0,2500958.0,4531293495.0,4515740100.0
libquantum,32,1,8,0.453793,3335087.0,0.000245,816.0,3334271.0,3334052.0,0.501155,1670876.0,1663176.0,7071362955.0,8455705635.0
libquantum,32,1,16,0.453794,3335183.0,0.000219,730.0,3334453.0,3334048.0,0.50041,1668390.0,1665658.0,7298486010.0,7940021625.0
libquantum,32,4,32,0.452693,3335292.0,0.000198,659.0,3334633.0,3334050.0,0.49967,1665925.0,1668125.0,7805214540.0,7803803670.0
libquantum,16,2,32,0.781605,3334885.0,0.000322,1075.0,3333810.0,3334082.0,0.499704,1666055.0,1668027.0,5853291510.0,5832390810.0
libquantum,64,1,32,0.734567,3335616.0,0.000148,493.0,3335123.0,3334080.0,0.250874,836435.0,2497645.0,4841375460.0,4965222585.0
libquantum,16,1,16,0.780364,3334839.0,0.00034,1135.0,3333704.0,3334102.0,0.50044,1668517.0,1665585.0,5523656415.0,6172253595.0
libquantum,16,4,32,0.777879,3334899.0,0.00032,1066.0,3333833.0,3334081.0,0.499705,1666056.0,1668025.0,5873858775.0,5893466430.0
libquantum,32,2,32,0.452237,3335269.0,0.0002,667.0,3334602.0,3334051.0,0.49967,1665925.0,1668126.0,7864631010.0,7752562905.0
libquantum,64,1,8,0.730105,3335497.0,0.000174,582.0,3334915.0,3334104.0,0.253872,846436.0,2487668.0,4454901420.0,5229453600.0
libquantum,16,1,8,0.779271,3334691.0,0.000377,1256.0,3333435.0,3334090.0,0.50118,1670978.0,1663112.0,5437176915.0,6167374350.0
namd,16,1,32,1.103358,3076107.0,0.021407,65849.0,3010258.0,2649594.0,0.007299,19340.0,2630254.0,3123971040.0,3137026605.0
namd,32,2,16,1.186283,3085420.0,0.01851,57110.0,3028310.0,2619272.0,0.007091,18573.0,2600699.0,2900430240.0,2881013805.0
namd,64,4,32,1.641087,3129977.0,0.001044,3267.0,3126710.0,2612350.0,0.003416,8925.0,2603425.0,1699088160.0,1983189000.0
namd,64,1,16,0.885541,3114754.0,0.029928,93217.0,3021537.0,2628454.0,0.024299,63870.0,2564584.0,4230987960.0,3957841650.0
namd,32,1,32,1.221355,3073094.0,0.018821,57838.0,3015256.0,2631759.0,0.006792,17876.0,2613883.0,2750543145.0,2793920295.0
namd,16,2,16,1.135738,3094094.0,0.016337,50547.0,3043547.0,2635874.0,0.007819,20611.0,2615263.0,3128843760.0,3092478180.0
namd,64,2,32,1.512163,3104891.0,0.005937,18434.0,3086457.0,2616890.0,0.003666,9593.0,2607297.0,1949203725.0,2153700255.0
namd,64,2,16,1.202591,3074100.0,0.020906,64267.0,3009833.0,2620509.0,0.004591,12032.0,2608477.0,2689564830.0,2751532080.0
namd,32,1,8,0.342601,3068430.0,0.086316,264854.0,2803576.0,2639712.0,0.030454,80391.0,2559321.0,12617183040.0,10371568860.0
namd,32,1,16,0.75853,3098194.0,0.035702,110613.0,2987581.0,2632747.0,0.024096,63438.0,2569309.0,5067613665.0,4677773505.0
namd,32,4,32,1.616208,3127743.0,0.001202,3758.0,3123985.0,2614138.0,0.006367,16643.0,2597495.0,1845843270.0,2067948270.0
namd,16,2,32,1.482439,3104983.0,0.006474,20101.0,3084882.0,2635215.0,0.00695,18316.0,2616899.0,2065669020.0,2285172060.0
namd,64,1,32,1.259182,3074553.0,0.018645,57324.0,3017229.0,2632438.0,0.004315,11358.0,2621080.0,2397060480.0,2611201095.0
namd,16,1,16,0.740136,3095824.0,0.037133,114956.0,2980868.0,2653969.0,0.019194,50941.0,2603028.0,5116856880.0,4850462835.0
namd,16,4,32,1.603074,3135861.0,0.000694,2177.0,3133684.0,2630071.0,0.006691,17597.0,2612474.0,1868036850.0,2108000130.0
namd,32,2,32,1.503475,3102931.0,0.006184,19188.0,3083743.0,2618790.0,0.006498,17018.0,2601772.0,1984360695.0,2230369530.0
namd,64,1,8,0.398807,3080154.0,0.067303,207304.0,2872850.0,2632166.0,0.034359,90438.0,2541728.0,11041743345.0,8860616565.0
namd,16,1,8,0.28506,3068939.0,0.10675,327609.0,2741330.0,2655672.0,0.025668,68166.0,2587506.0,14895404880.0,12479577525.0
cacheb01,16,1,32,1.88193,3277887.0,0.000528,1731.0,3276156.0,3430354.0,0.001649,5655.0,3424699.0,903816585.0,859216200.0
cacheb01,32,2,16,1.720246,3280695.0,0.000332,1090.0,3279605.0,3370197.0,0.007612,25654.0,3344543.0,2005737450.0,918998205.0
cacheb01,64,4,32,1.873517,3280545.0,0.000185,608.0,3279937.0,3392700.0,0.004125,13995.0,3378705.0,853647525.0,836373120.0
cacheb01,64,1,16,1.695903,3296279.0,0.000226,746.0,3295533.0,3352056.0,0.037538,125829.0,3226227.0,953840640.0,933074430.0
cacheb01,32,1,32,1.892054,3278989.0,0.000333,1092.0,3277897.0,3416931.0,0.00219,7483.0,3409448.0,865805160.0,838904955.0
cacheb01,16,2,16,1.721093,3279381.0,0.000531,1740.0,3277641.0,3390396.0,0.006187,20976.0,3369420.0,2025027945.0,933218640.0
cacheb01,64,2,32,1.877429,3280443.0,0.000197,645.0,3279798.0,3396453.0,0.003905,13264.0,3383189.0,852673830.0,835017315.0
cacheb01,64,2,16,1.800551,3281584.0,0.000214,701.0,3280883.0,3356865.0,0.010379,34840.0,3322025.0,904280040.0,878189175.0
cacheb01,32,1,8,1.407843,3306052.0,0.000397,1312.0,3304740.0,3329105.0,0.057676,192009.0,3137096.0,2624689815.0,2359848105.0
cacheb01,32,1,16,1.620383,3294383.0,0.000349,1151.0,3293232.0,3358340.0,0.029856,100265.0,3258075.0,2143096965.0,2058012885.0
cacheb01,32,4,32,1.867165,3279695.0,0.000301,987.0,3278708.0,3397063.0,0.004148,14092.0,3382971.0,871550175.0,844630485.0
cacheb01,16,2,32,1.883859,3278023.0,0.000511,1675.0,3276348.0,3430366.0,0.001633,5602.0,3424764.0,902577645.0,857417325.0
cacheb01,64,1,32,1.881164,3280254.0,0.000208,683.0,3279571.0,3401378.0,0.003175,10799.0,3390579.0,851666490.0,836368995.0
cacheb01,16,1,16,1.488688,3289515.0,0.000552,1816.0,3287699.0,3362282.0,0.027935,93927.0,3268355.0,2393712180.0,2277611625.0
cacheb01,16,4,32,1.885701,3278086.0,0.000497,1629.0,3276457.0,3430371.0,0.001632,5599.0,3424772.0,897883500.0,855070440.0
cacheb01,32,2,32,1.885683,3279250.0,0.000313,1026.0,3278224.0,3410296.0,0.002944,10040.0,3400256.0,864758700.0,838658940.0
cacheb01,64,1,8,1.631238,3299362.0,0.000274,903.0,3298459.0,3322496.0,0.05979,198652.0,3123844.0,996877620.0,970873860.0
cacheb01,16,1,8,1.246795,3311334.0,0.000614,2034.0,3309300.0,3323946.0,0.065003,216066.0,3107880.0,3149826105.0,2700412920.0
sjeng,16,1,32,0.159266,3229536.0,0.00034,1099.0,3228437.0,8479319.0,0.962812,8163993.0,315326.0,28789288365.0,28789656810.0
sjeng,32,2,16,0.09246,3230079.0,0.000216,699.0,3229380.0,8478952.0,0.961208,8150033.0,328919.0,35269719735.0,35264966580.0
sjeng,64,4,32,0.164872,3230270.0,0.000125,404.0,3229866.0,8479000.0,0.480884,4077415.0,4401585.0,21838123215.0,21835491990.0
sjeng,64,1,16,0.164134,3230501.0,0.000146,473.0,3230028.0,8479122.0,0.481347,4081401.0,4397721.0,20857932360.0,20854283010.0
sjeng,32,1,32,0.091897,3230180.0,0.000215,693.0,3229487.0,8479190.0,0.961339,8151372.0,327818.0,37802861385.0,37806102210.0
sjeng,16,2,16,0.16038,3229323.0,0.000338,1093.0,3228230.0,8479307.0,0.962726,8163247.0,316060.0,26937392685.0,26934805665.0
sjeng,64,2,32,0.164906,3230240.0,0.000129,418.0,3229822.0,8479002.0,0.480887,4077439.0,4401563.0,21787114050.0,21783321720.0
sjeng,64,2,16,0.164606,3230250.0,0.000134,432.0,3229818.0,8479007.0,0.480891,4077480.0,4401527.0,20858775810.0,20855280165.0
sjeng,32,1,8,0.092908,3230189.0,0.000235,759.0,3229430.0,8479170.0,0.961806,8155314.0,323856.0,34686237360.0,34693937265.0
sjeng,32,1,16,0.092454,3230141.0,0.000226,731.0,3229410.0,8479192.0,0.961521,8152922.0,326270.0,35912752575.0,35312904555.0
sjeng,32,4,32,0.09227,3230099.0,0.000208,673.0,3229426.0,8478948.0,0.961202,8149980.0,328968.0,37705118985.0,37702767225.0
sjeng,16,2,32,0.160821,3229302.0,0.000337,1088.0,3228214.0,8479300.0,0.962721,8163204.0,316096.0,28665081375.0,28660280025.0
sjeng,64,1,32,0.163476,3230520.0,0.000136,440.0,3230080.0,8479135.0,0.481101,4079317.0,4399818.0,22086274425.0,22089425250.0
sjeng,16,1,16,0.159253,3229567.0,0.000346,1116.0,3228451.0,8479304.0,0.962928,8164959.0,314345.0,27046685475.0,27051334230.0
sjeng,16,4,32,0.16043,3229322.0,0.000332,1073.0,3228249.0,8479301.0,0.962719,8163186.0,316115.0,28807226280.0,28804461450.0
sjeng,32,2,32,0.09251,3230103.0,0.000212,684.0,3229419.0,8478949.0,0.961207,8150021.0,328928.0,37703483475.0,37698584265.0
sjeng,64,1,8,0.164188,3230556.0,0.00015,486.0,3230070.0,8479130.0,0.481771,4084996.0,4394134.0,20344157415.0,20345396370.0
sjeng,16,1,8,0.160178,3229641.0,0.000355,1147.0,3228494.0,8479290.0,0.963084,8166268.0,313022.0,26490840210.0,26497170105.0
bzip2,16,1,32,0.124686,2632900.0,0.000631,1662.0,2631238.0,8878102.0,0.769365,6830498.0,2047604.0,44542563870.0,44592993885.0
bzip2,32,2,16,0.1847,2633635.0,0.000341,898.0,2632737.0,8630231.0,0.692664,5977848.0,2652383.0,28593696585.0,28563700320.0
bzip2,64,4,32,0.185986,2633987.0,0.000189,498.0,2633489.0,8513906.0,0.476414,4056145.0,4457761.0,24928136175.0,24925083330.0
bzip2,64,1,16,0.177341,2633434.0,0.000351,925.0,2632509.0,8509796.0,0.559775,4763570.0,3746226.0,26125478040.0,26092438350.0
bzip2,32,1,32,0.182114,2633413.0,0.00042,1106.0,2632307.0,8631069.0,0.690808,5962411.0,2668658.0,29370521325.0,29368362330.0
bzip2,16,2,16,0.125668,2633169.0,0.000546,1437.0,2631732.0,8877742.0,0.769544,6831812.0,2045930.0,43435650585.0,43456582125.0
bzip2,64,2,32,0.186457,2633938.0,0.000214,563.0,2633375.0,8513704.0,0.477123,4062085.0,4451619.0,24859620780.0,24840096120.0
bzip2,64,2,16,0.18405,2633808.0,0.000234,615.0,2633193.0,8513496.0,0.47478,4042041.0,4471455.0,24908193510.0,24911876970.0
bzip2,32,1,8,0.174059,2632944.0,0.000583,1536.0,2631408.0,8627208.0,0.746895,6443618.0,2183590.0,30198453210.0,30192391200.0
bzip2,32,1,16,0.177519,2633205.0,0.000474,1247.0,2631958.0,8628369.0,0.726885,6271828.0,2356541.0,29908378275.0,29907925380.0
bzip2,32,4,32,0.185548,2633804.0,0.000302,796.0,2633008.0,8630230.0,0.691699,5969521.0,2660709.0,28848699525.0,28803586845.0
bzip2,16,2,32,0.12579,2633234.0,0.000531,1399.0,2631835.0,8877907.0,0.769576,6832221.0,2045686.0,43961900400.0,44058379695.0
bzip2,64,1,32,0.181589,2633514.0,0.000306,807.0,2632707.0,8512836.0,0.467348,3978456.0,4534380.0,25431051180.0,25455664050.0
bzip2,16,1,16,0.121445,2632670.0,0.000699,1841.0,2630829.0,8874764.0,0.783456,6952987.0,1921777.0,44933356845.0,44911108605.0
bzip2,16,4,32,0.125878,2633342.0,0.00051,1344.0,2631998.0,8878533.0,0.769323,6830458.0,2048075.0,44005223415.0,44035246620.0
bzip2,32,2,32,0.185368,2633797.0,0.000323,850.0,2632947.0,8629935.0,0.692094,5972725.0,2657210.0,28846641030.0,28864792800.0
bzip2,64,1,8,0.17465,2633116.0,0.000456,1200.0,2631916.0,8508758.0,0.601048,5114169.0,3394589.0,26418919545.0,26441986350.0
bzip2,16,1,8,0.119888,2632427.0,0.000816,2149.0,2630278.0,8874072.0,0.791298,7022038.0,1852034.0,45142505775.0,45138374205.0
